"fips"	"pop"	"unemp"
1001	23288	9.7
1003	81706	9.1
1005	9703	13.4
1007	8475	12.1
1009	25306	9.9
1011	3527	16.4
1013	8884	16.7
1015	52055	10.8
1017	13726	18.6
1019	11583	11.8
1021	18697	9.9
1023	4925	12.7
1025	10300	17
1027	5474	15.9
1029	6284	10.4
1031	19913	8.5
1033	24202	11.4
1035	4835	19.5
1037	4510	14
1039	16310	10.1
1041	6280	9.7
1043	37658	9.6
1045	19281	9.3
1047	15477	21.1
1049	29727	14.3
1051	33928	9
1053	14439	12.9
1055	44279	10.7
1057	6744	12.8
1059	12754	12.3
1061	10930	10
1063	3250	14.7
1065	6821	12.7
1067	6993	9.9
1069	44214	8.9
1071	25222	11.8
1073	299680	10.7
1075	5478	14.8
1077	40952	10.5
1079	15496	13.6
1081	61392	8.6
1083	35769	9.3
1085	4814	18.5
1087	8883	11.4
1089	160077	7.5
1091	7805	14.8
1093	12146	15.2
1095	40020	9.2
1097	181879	11.1
1099	8419	18.7
1101	101133	10.2
1103	53923	10.4
1105	3616	19.8
1107	7723	13
1109	15346	8.7
1111	8827	15.1
1113	20860	12.6
1115	34452	10.7
1117	92888	7.6
1119	4562	13.9
1121	37033	13.6
1123	17664	13.7
1125	85253	9
1127	27883	11.9
1129	6626	15.1
1131	3547	25.6
1133	9094	17.5
2013	1148	10.1
2016	2903	8.4
2020	153264	7
2050	7061	14.8
2060	1159	3.6
2068	2300	3.4
2070	2634	8.4
2090	45632	6.9
2100	1588	6.2
2110	18615	5.7
2122	26463	9.7
2130	8781	6.1
2150	6423	6.6
2164	1372	5.9
2170	40287	8.8
2180	3877	12.1
2185	5119	5.7
2188	2805	13.2
2201	2507	13.6
2220	4707	5.9
2232	2278	7.3
2240	3673	8.1
2261	5789	6.4
2270	2807	20.4
2280	2836	9.8
2282	350	6.3
2290	2790	13.6
4001	22797	14.8
4003	62754	7.4
4005	74896	7.7
4007	22859	10.9
4009	14430	14.4
4011	4450	21.5
4012	7812	8.9
4013	2001233	8.5
4015	92909	10.2
4017	40715	14.2
4019	489560	8.4
4021	117530	11.8
4023	18760	17.2
4025	99997	9.5
4027	89436	24.2
5001	12228	14.3
5003	9221	9.1
5005	17471	8.2
5007	105604	5.3
5009	16932	6.4
5011	4974	7.8
5013	2520	6.2
5015	14278	4.3
5017	4642	9.6
5019	11000	6.3
5021	6369	10.4
5023	11863	5.9
5025	4079	6
5027	10694	8.1
5029	10357	6.5
5031	46944	5.9
5033	28913	6.6
5035	22459	9.9
5037	8307	7.1
5039	3867	7.6
5041	5620	9.9
5043	8176	9.1
5045	55883	6
5047	8677	5.9
5049	5301	6.1
5051	43280	6.6
5053	8608	5.7
5055	19581	8.2
5057	10481	8.6
5059	15025	7.3
5061	6323	7.2
5063	16501	7.8
5065	5528	7.7
5067	7785	9.2
5069	35266	9.2
5071	11837	6.1
5073	2978	8.6
5075	7222	7.9
5077	3394	8.2
5079	4923	8.2
5081	6862	5.6
5083	10189	7.7
5085	31829	5.2
5087	7797	5.3
5089	6935	11.2
5091	19924	4.5
5093	21913	11.3
5095	3542	7.4
5097	4017	5.8
5099	4177	8.7
5101	3504	6.2
5103	11570	7.1
5105	4851	5.6
5107	8582	8.8
5109	5132	6.3
5111	11075	7.5
5113	8985	6.4
5115	29690	6.2
5117	4218	6.7
5119	192660	6
5121	7535	7.3
5123	10130	9.4
5125	49630	5.8
5127	4818	6.3
5129	3657	5.9
5131	62696	6.2
5133	7400	5.1
5135	6346	7.8
5137	4725	6.6
5139	18635	9.5
5141	6983	9.1
5143	104999	5
5145	34577	6.7
5147	3434	9.1
5149	10512	6.4
6001	768686	11.3
6003	415	15.2
6005	17958	12.1
6007	105395	12.2
6009	20999	14.3
6011	11158	14.5
6013	529871	11.2
6015	11871	11.9
6017	91244	11.2
6019	452170	14.1
6021	12591	13.8
6023	59992	10.3
6025	76893	30.1
6027	8980	9.5
6029	377391	13.9
6031	59713	13.9
6033	25886	14.7
6035	13512	11.8
6037	4923821	12.7
6039	70354	12.3
6041	134608	8
6043	9975	8.8
6045	43422	10.1
6047	106663	15.7
6049	4051	11.1
6051	7877	10.3
6053	217030	10
6055	75626	8.7
6057	49728	10.9
6059	1624855	9.4
6061	175065	11.3
6063	10213	13.9
6065	915624	14.7
6067	687918	12.2
6069	24764	12.5
6071	867524	13.6
6073	1560010	10.2
6075	447099	9.7
6077	304586	15.5
6079	138449	9
6081	380819	9
6083	221571	8.5
6085	886563	11.8
6087	147934	10.2
6089	83975	14.7
6091	1542	13.7
6093	18873	13.5
6095	214355	11.5
6097	262368	9.9
6099	243184	15.3
6101	41627	15.1
6103	26219	13.7
6105	4696	15.9
6107	206315	14.9
6109	25903	12.7
6111	428779	11
6113	97523	10.9
6115	28801	17.8
8001	221638	8.1
8003	8582	5.5
8005	305320	6.9
8007	6407	6.2
8009	2756	3.4
8011	2879	5
8013	172279	5.5
8014	30023	6.6
8015	8322	5.1
8017	1385	2
8019	5668	7
8021	3663	5.1
8023	1371	8.4
8025	1984	7.6
8027	1986	5.2
8029	17164	6.6
8031	316703	7.7
8033	1092	13.2
8035	154518	5.9
8037	30469	6.2
8039	12706	6
8041	293486	7.2
8043	19057	7.7
8045	39170	5.8
8047	3397	6
8049	8934	5.8
8051	9291	4.4
8053	772	2.2
8055	3577	7.2
8057	1368	3.3
8059	303461	6.7
8061	1128	2.8
8063	4952	2.9
8065	3975	7.1
8067	30342	4.7
8069	175721	5.6
8071	9159	7
8073	3074	3.7
8075	11763	4.6
8077	83106	8.2
8079	474	5.3
8081	8843	5.6
8083	12802	6.3
8085	20954	6.9
8087	15030	4.9
8089	9035	5.8
8091	3122	4.1
8093	9554	6.1
8095	2717	2.6
8097	11339	5
8099	7186	5
8101	72663	7.5
8103	5342	3.9
8105	6919	4.8
8107	14614	6
8109	3686	7.8
8111	603	5.3
8113	5160	4.2
8115	1649	3.3
8117	15115	5.8
8119	12234	6.7
8121	3047	3.2
8123	120783	7.5
8125	7871	2.6
9001	469462	7.8
9003	458201	8.8
9005	105162	7.9
9007	93277	6.7
9009	450597	8.9
9011	149170	7.6
9013	83991	6.7
9015	63928	9
10001	71260	7.9
10003	264048	8.6
10005	91476	7.3
11001	327847	11.7
12001	132262	7.1
12003	12185	11.4
12005	89191	8.9
12007	12844	8.3
12009	269039	11.1
12011	1007323	9.8
12013	6086	8.2
12015	69026	12.7
12017	59333	12.1
12019	94372	9.8
12021	143967	13.1
12023	33518	9
12027	15100	11.7
12029	5681	12.3
12031	448078	11.2
12033	140660	9.8
12035	31293	16.2
12037	4670	7.1
12039	21300	9.6
12041	7989	10
12043	5096	10
12045	6449	9.8
12047	4952	11.3
12049	12073	12.6
12051	18302	16.8
12053	63278	13.8
12055	41883	11.6
12057	605620	11.5
12059	9342	7.2
12061	61145	15.2
12063	22680	7.2
12065	6909	8.5
12067	3181	7.2
12069	135749	12.3
12071	272069	13.9
12073	146619	7.2
12075	17331	12.1
12077	4092	5.3
12079	6983	11.7
12081	143094	12.7
12083	139149	13.3
12085	63520	11.9
12086	1232503	11.3
12087	47361	7
12089	35810	10.7
12091	96296	7.2
12093	18508	13.3
12095	604165	11.4
12097	136467	12.8
12099	626400	11.7
12101	197089	12.5
12103	456433	11.2
12105	274250	12.7
12107	33400	12.2
12109	92423	9
12111	124102	15.3
12113	69478	9.4
12115	165040	12.3
12117	240803	10.6
12119	32604	9
12121	18101	9.8
12123	9390	10.4
12125	5364	8.4
12127	253582	11.7
12129	15312	7.2
12131	32890	6.8
12133	10204	9.6
13001	9685	9.7
13003	3354	12.6
13005	4879	8.5
13007	1620	9.1
13009	20379	11.6
13011	11108	6.7
13013	33221	11.1
13015	45821	13.3
13017	7434	15.3
13019	8203	12.4
13021	73133	10
13023	5346	9.7
13025	7806	11.6
13027	8313	8.7
13029	16346	8.1
13031	33125	9
13033	9963	12.2
13035	10037	12.7
13037	2394	11.1
13039	20949	9.1
13043	4279	9.3
13045	51718	10.8
13047	34919	8
13049	4620	10.6
13051	131304	8.5
13053	1711	14.6
13055	10575	11.4
13057	106406	9.5
13059	65461	7
13061	1432	8.2
13063	133339	12.3
13065	2768	11
13067	367817	9.6
13069	17140	16.8
13071	20566	9
13073	58884	7
13075	7236	11.9
13077	58018	10
13079	6072	9.5
13081	9947	12.1
13083	8342	9
13085	10834	10.1
13087	12032	12.7
13089	382207	10.7
13091	9255	11.2
13093	4730	10.1
13095	41764	11.1
13097	63563	11.4
13099	5536	10.5
13101	2205	6.7
13103	28012	7.9
13105	9870	12.2
13107	10979	10.3
13109	4827	8.9
13111	10943	10
13113	51201	8.4
13115	48936	11.1
13117	81190	8.6
13119	10383	11.8
13121	474723	10.7
13123	13936	9.8
13125	1111	11.1
13127	40889	8.2
13129	25467	13.1
13131	11782	9.8
13133	7829	11.1
13135	406709	9.4
13137	20468	9.4
13139	90062	9.1
13141	3381	17.7
13143	12603	11.3
13145	15809	7.2
13147	10571	13.8
13149	4841	12.4
13151	94257	10.4
13153	67779	7.3
13155	4057	14.5
13157	27385	10.9
13159	6391	12.7
13161	5174	13.5
13163	7191	14.9
13165	2610	19.6
13167	3718	11.9
13169	13858	8.6
13171	8094	15.3
13173	4018	8.4
13175	22266	10.8
13177	17325	7.9
13179	25414	8.5
13181	3845	10.3
13183	6132	5.9
13185	53092	8.2
13187	13275	11.1
13189	10729	12.1
13191	5475	9.6
13193	5112	13
13195	16336	8.3
13197	3326	9.9
13199	9457	13.2
13201	3637	8.7
13205	10522	10.4
13207	13625	10.2
13209	4513	8.5
13211	9561	9.8
13213	19354	12.3
13215	84642	9.2
13217	45842	12.6
13219	18335	6.2
13221	7963	8.2
13223	64564	10.7
13225	12057	10.2
13227	14888	10.8
13229	8590	9.3
13231	7982	11.8
13233	21359	10.8
13235	4407	7.1
13237	10353	10.4
13239	1045	11.8
13241	6888	10.4
13243	2706	13
13245	90320	10.3
13247	39671	12
13249	1849	13.8
13251	7444	13.7
13253	4104	10.7
13255	28726	15.4
13257	13976	10.7
13259	2314	10.7
13261	14673	12.9
13263	3130	9.8
13265	879	12.4
13267	9183	8.7
13269	3560	13
13271	4530	16.2
13273	4411	11.6
13275	21462	9.3
13277	18791	10.6
13279	13794	9.8
13281	6073	7.8
13283	2879	11.9
13285	30310	12.9
13287	4971	13
13289	4682	11.4
13291	11386	9
13293	11905	13.3
13295	32876	9.6
13297	40112	11
13299	15255	10.7
13301	2583	18.8
13303	8062	14
13305	12333	11.7
13307	1367	9.1
13309	2947	9.1
13311	12640	9.5
13313	43296	12.5
13315	3256	11.6
13317	4475	11.7
13319	4736	10.7
13321	10118	10.8
15001	85683	10.8
15003	447476	6.3
15007	32595	9.6
15009	77974	9.7
16001	191856	9.1
16003	2148	12.1
16005	40148	8.4
16007	3401	5.2
16009	3972	12.1
16011	22261	5.9
16013	13177	7.7
16015	3385	7.1
16017	20777	9.5
16019	50843	5.9
16021	4425	12
16023	1498	4.5
16025	616	11
16027	81678	10.6
16029	3654	6
16031	10279	5.9
16033	567	4.1
16035	3437	11.8
16037	2966	3.9
16039	11305	7.7
16041	5827	4
16043	5571	6.6
16045	6935	10.4
16047	8401	5.5
16049	7449	8.3
16051	11330	6.8
16053	10135	5.9
16055	71316	8.7
16057	17769	5.9
16059	4023	6.5
16061	1780	5.2
16063	2644	9.7
16065	15865	5.5
16067	9510	6
16069	19642	5.5
16071	2227	5
16073	4181	4.1
16075	10957	7.7
16077	3541	6.7
16079	6074	11.9
16081	5169	5.1
16083	39325	6.8
16085	4852	11.4
16087	4969	8.4
17001	37728	7.9
17003	3393	11.2
17005	8581	9.3
17007	26719	13.8
17009	3580	4.5
17011	19252	10.9
17013	2567	9.5
17015	7991	10.5
17017	7453	7.3
17019	107182	8.2
17021	17809	9.9
17023	8177	13.1
17025	6569	11.4
17027	18733	7.9
17029	27569	9.1
17031	2603121	10.6
17033	9981	10.5
17035	5722	9.7
17037	57656	9.2
17039	8385	9.2
17041	10044	9.1
17043	523582	8.6
17045	9940	10.7
17047	3112	9.1
17049	18202	7.9
17051	9554	11.6
17053	7620	10.4
17055	17436	14.6
17057	18576	12.5
17059	2637	11
17061	6676	9.2
17063	25744	11.4
17065	4046	9.3
17067	9538	11.3
17069	1756	12.8
17071	3771	9.4
17073	27722	8.6
17075	15892	10
17077	32338	7.3
17079	5068	9.5
17081	20343	10
17083	11526	8.8
17085	12815	8.1
17087	4998	10.4
17089	264155	9.9
17091	55192	12.8
17093	55864	10.4
17095	25538	10.3
17097	366796	10
17099	58747	12.4
17101	7773	10.3
17103	17914	10.9
17105	18833	10.7
17107	13237	9.5
17109	17503	7.7
17111	177305	9.3
17113	90939	7.4
17115	54489	12.4
17117	24416	10.5
17119	138351	9.7
17121	18246	11.9
17123	7454	10.6
17125	7270	14.3
17127	7209	8
17129	6937	7.8
17131	8924	8.9
17133	18088	7.8
17135	13474	12.2
17137	17239	8.4
17139	8044	9
17141	27937	11.9
17143	100059	11.6
17145	9308	11.9
17147	9306	8.2
17149	8197	8.1
17151	1870	10.6
17153	2905	11.9
17155	3315	15
17157	14945	9.4
17159	7320	10.5
17161	81013	9.5
17163	123797	10.8
17165	12425	11.2
17167	107406	7.9
17169	4240	6.6
17171	2625	7.5
17173	10862	10
17175	2998	9.8
17177	24989	11.6
17179	75461	11.3
17181	8292	10.8
17183	37624	12
17185	6197	10.3
17187	9013	8
17189	7993	8
17191	7940	9.7
17193	7683	8.6
17195	30120	10.6
17197	358961	9.9
17199	34527	9.6
17201	152926	15.5
17203	21565	8.6
18001	14713	13.4
18003	176528	9.3
18005	39662	8.8
18007	4300	9
18009	6043	13.3
18011	27540	6.8
18013	7510	7.8
18015	9978	9.9
18017	17837	10.5
18019	54239	8.2
18021	12383	9.6
18023	16904	9.2
18025	5171	10.5
18027	14419	4.9
18029	25616	8.9
18031	12251	11
18033	20119	12.4
18035	52837	9.5
18037	21985	8
18039	93558	15
18041	9690	13.4
18043	37054	7.4
18045	8470	11.6
18047	11510	8.9
18049	9950	11.2
18051	16270	6.7
18053	29746	11.1
18055	14866	7.1
18057	138384	6.1
18059	35566	7.8
18061	18976	7.8
18063	71524	6.8
18065	22332	12
18067	35401	11.9
18069	19698	11.1
18071	21960	10.1
18073	15426	8.7
18075	11404	10.4
18077	16686	9.5
18079	13510	12.2
18081	72558	7.4
18083	18208	6.6
18085	40390	11
18087	15838	14
18089	225605	9.4
18091	52442	10.7
18093	21105	11.1
18095	59977	9.7
18097	456290	8.4
18099	22531	11.4
18101	4852	6.3
18103	15847	12.3
18105	64449	5.6
18107	18321	9.7
18109	36294	7.5
18111	6907	8.9
18113	22082	14.5
18115	3028	10.5
18117	10258	9.2
18119	10661	8.1
18121	7728	8.3
18123	9941	8.8
18125	5932	8.7
18127	82930	8.2
18129	13059	7
18131	6308	9.5
18133	17182	8.2
18135	12429	10.2
18137	13607	9.1
18139	8667	9.5
18141	128630	10.4
18143	10942	12.1
18145	23531	8.8
18147	10319	8.1
18149	10408	12.6
18151	15695	12.9
18153	8566	9.3
18155	5364	7
18157	80787	8.5
18159	7195	10.3
18161	3439	8.6
18163	88760	7.4
18165	7697	10.8
18167	48202	9.2
18169	15804	12
18171	4675	10.1
18173	29891	6.9
18175	14112	11.2
18177	32388	10.9
18179	14395	9.1
18181	12895	9.4
18183	17826	11.6
19001	4310	5.1
19003	2150	6
19005	7541	9.3
19007	6458	9.4
19009	3227	5.1
19011	14689	5.8
19013	74456	5.8
19015	16011	5.9
19017	14130	5
19019	11425	5.9
19021	10562	5.5
19023	8498	6
19025	5285	5.4
19027	12414	4.2
19029	7738	5.8
19031	11356	5.7
19033	25912	6.7
19035	6568	4.4
19037	6883	8.4
19039	4938	7.4
19041	9997	6.2
19043	10078	7.9
19045	27886	7.7
19047	9217	4.7
19049	33451	5.1
19051	4163	10.1
19053	4335	6.6
19055	10587	6.8
19057	20496	8.2
19059	9495	5.8
19061	52618	6
19063	5861	8.6
19065	10835	8.5
19067	8444	8.7
19069	5713	7
19071	3719	7
19073	5075	6.3
19075	6945	4.9
19077	5991	5.6
19079	8680	8.1
19081	6029	9
19083	9821	6
19085	7869	4.4
19087	10240	8.8
19089	4783	8.6
19091	4908	6.2
19093	4295	5.8
19095	8749	5.8
19097	11434	7.7
19099	17773	8.1
19101	8459	8.7
19103	81141	4.4
19105	10791	6.3
19107	5768	7.1
19109	8827	5.6
19111	17872	11.4
19113	122807	6.5
19115	6341	8
19117	4769	6
19119	6893	4.3
19121	8456	5.8
19123	11679	7.7
19125	17574	5.7
19127	20467	7
19129	8214	4.3
19131	5591	5.4
19133	4687	7.1
19135	4422	7.5
19137	5450	8.7
19139	23945	8.9
19141	7496	5.3
19143	3496	5.4
19145	7704	8.7
19147	5364	7
19149	13966	4.7
19151	4790	5.2
19153	245419	6.2
19155	48834	4.8
19157	9671	6.6
19159	2437	5.3
19161	5815	4.7
19163	92707	7.3
19165	7343	3.9
19167	19217	4.1
19169	50519	4.5
19171	8633	6.6
19173	3292	6.7
19175	6848	6
19177	3987	8
19179	20054	9.4
19181	26247	5.8
19183	12467	4.9
19185	3168	6.4
19187	19184	8.3
19189	5857	9.1
19191	11070	5.8
19193	56862	5.7
19195	4560	6.3
19197	6596	8.4
20001	7296	7.8
20003	4000	7.9
20005	9076	8.1
20007	2679	5.1
20009	15487	6.1
20011	8373	6.5
20013	5472	5.6
20015	33664	7.2
20017	1435	5.4
20019	1867	8.4
20021	11392	8.5
20023	1414	3.7
20025	1166	3.7
20027	4970	4.2
20029	5454	4.5
20031	4979	5.7
20033	960	3.8
20035	18142	7.6
20037	19092	8.1
20039	1795	3.3
20041	10560	5.1
20043	4870	8.8
20045	61014	5.4
20047	1688	4.4
20049	1135	11
20051	16961	3.6
20053	3808	4.1
20055	18278	4.3
20057	16035	3.8
20059	14268	7.1
20061	13934	6.9
20063	1376	3.5
20065	1528	4.3
20067	3964	4.2
20069	2729	3.4
20071	685	4.5
20073	3214	7.2
20075	1250	4.2
20077	3157	5.6
20079	18786	7.4
20081	2081	3.7
20083	859	4.2
20085	7140	6
20087	10001	6.7
20089	1850	4.9
20091	310731	6.8
20093	2134	4.5
20095	4405	6.3
20097	1374	4.9
20099	12219	7.8
20101	1004	3.4
20103	33895	7.3
20105	1843	6.3
20107	4905	8.4
20109	1486	4
20111	17898	5.7
20113	16759	5.1
20115	6240	6.3
20117	6037	4.9
20119	2289	4.2
20121	17013	6.8
20123	3574	5.8
20125	18831	9.4
20127	2933	6.8
20129	1637	4.7
20131	5582	4.3
20133	9340	7
20135	1769	4
20137	2760	4.7
20139	8861	7
20141	2166	4.4
20143	3192	6.5
20145	3777	3.7
20147	2732	6
20149	13270	4.1
20151	5567	5.3
20153	1304	3.5
20155	32337	6.3
20157	2960	4.1
20159	5573	5.1
20161	44960	3.2
20163	2592	7.3
20165	1584	5.9
20167	3600	4.6
20169	29497	5.7
20171	2693	3.2
20173	264663	8.8
20175	10809	5.1
20177	95197	6.4
20179	1482	3.2
20181	3843	3.9
20183	2027	4.3
20185	1984	6.1
20187	1092	3.4
20189	2095	5.3
20191	12481	9
20193	4067	3.6
20195	1826	3.6
20197	3845	6.6
20199	892	5.9
20201	3301	4.5
20203	1240	3.5
20205	5497	10.2
20207	1655	8.9
20209	74459	10.4
21001	8891	10.1
21003	8802	14.3
21005	11069	10.9
21007	4255	10.2
21009	19780	11.6
21011	5120	13.3
21013	9582	12.5
21015	62456	9.2
21017	9734	9.1
21019	23211	8.3
21021	12864	11
21023	4285	10.2
21025	5602	10
21027	9476	12.1
21029	39704	10.8
21031	5601	13.7
21033	6791	10.9
21035	17697	8
21037	45543	10.7
21039	2211	9.1
21041	5735	12.4
21043	13833	13.5
21045	7159	10.2
21047	30101	12.9
21049	17767	11.4
21051	6868	13.5
21053	4605	9
21055	4022	10.8
21057	2932	13
21059	48466	9.1
21061	5450	12.8
21063	3204	12.6
21065	6262	12.9
21067	150966	7.7
21069	6561	12.2
21071	15695	12.4
21073	24777	9.1
21075	2699	14.4
21077	3985	11.1
21079	7733	11.9
21081	12727	10.1
21083	15888	10.3
21085	11589	16.4
21087	5611	12.4
21089	18017	9.8
21091	4518	13.6
21093	48735	10
21095	10059	12.5
21097	9551	11.1
21099	8334	10.6
21101	23152	9.8
21103	7987	10.7
21105	2006	9.2
21107	22651	9.1
21109	4240	17.5
21111	363298	10.5
21113	22949	8.8
21115	9634	11.1
21117	84927	10
21119	6461	12
21121	12938	11.5
21123	7189	10.7
21125	26874	10.1
21127	5942	13.1
21129	2732	12.3
21131	3622	13.7
21133	8947	12
21135	5929	15.1
21137	10823	12.1
21139	4859	9.8
21141	12667	10.4
21143	3341	12.2
21145	31618	9.1
21147	5794	13.3
21149	4736	10.6
21151	42962	8.7
21153	4647	21.4
21155	10758	12.9
21157	14799	10.7
21159	3466	12.4
21161	9190	11.1
21163	12011	12.4
21165	2689	14.7
21167	10674	10.8
21169	4691	15.8
21171	4886	14
21173	12538	12.6
21175	5065	14.5
21177	13543	10.7
21179	21851	11.5
21181	3135	12.5
21183	12670	9.4
21185	27675	8.6
21187	5266	10.1
21189	1508	11.2
21191	7488	11.7
21193	11473	12.5
21195	26244	10.7
21197	5802	16.7
21199	27559	10
21201	971	9.6
21203	7482	12.8
21205	12453	8.6
21207	8425	10.8
21209	22548	9.1
21211	21589	9.6
21213	9673	11.8
21215	9002	10.2
21217	14079	10.2
21219	5370	12.6
21221	6676	16
21223	4407	10.7
21225	7741	10.8
21227	57770	9.2
21229	5558	12.7
21231	8757	13.6
21233	6533	8.8
21235	15489	11.4
21237	2308	13.9
21239	13341	8.3
22001	27248	7.1
22003	8944	10.1
22005	48919	6.7
22007	10535	8.8
22009	16480	8.1
22011	15015	8
22013	6271	10.5
22015	52449	6.4
22017	117946	7.9
22019	92165	7.2
22021	4785	10.7
22023	3525	5.6
22025	4366	10.3
22027	6728	10.3
22029	7899	11.3
22031	11378	9
22033	216456	6.8
22035	3074	14.2
22037	8094	8
22039	12754	8.6
22041	7989	11.3
22043	8946	8.2
22045	36155	7.6
22047	12518	10.4
22049	6773	7.8
22051	225260	6.5
22053	14978	6.4
22055	111155	5.9
22057	48568	4.9
22059	6612	7.3
22061	19697	7.8
22063	56076	7
22065	4744	9.3
22067	12122	15.1
22069	17544	8.4
22071	112898	10.7
22073	70282	7.6
22075	9110	6.2
22077	9562	7.9
22079	61110	6.9
22081	3462	9.6
22083	8980	10.7
22085	10032	8.1
22087	10298	10.5
22089	26674	6.5
22091	4292	11.8
22093	9345	10
22095	23029	8.4
22097	38544	8.3
22099	24111	7.5
22101	23831	8.6
22103	117315	5.2
22105	53606	8.1
22107	2091	13.5
22109	54583	5.2
22111	10520	12.2
22113	24972	7.2
22115	21534	6.7
22117	15795	9.6
22119	20462	9.1
22121	10689	7.4
22123	4488	17
22125	4783	8.2
22127	6796	9.1
23001	57551	8.4
23003	35157	9.3
23005	156856	6.5
23007	14029	11.2
23009	31504	6.8
23011	63143	7.3
23013	20400	7
23015	18267	6.3
23017	27553	10.9
23019	78274	8
23021	7465	11.6
23023	18416	6.7
23025	25041	10.7
23027	18904	7.8
23029	14433	10.4
23031	114062	7.4
24001	35360	7.5
24003	274347	6.5
24005	421367	7.7
24009	46453	5.9
24011	16088	8.8
24013	91735	6
24015	49117	8.6
24017	74014	5.9
24019	16641	10.9
24021	124672	5.9
24023	16351	6.9
24025	129382	7.1
24027	154940	5.4
24029	10656	7.1
24031	511897	5.3
24033	437693	7.3
24035	25517	6.6
24037	50172	5.6
24039	11167	9.5
24041	18662	6.8
24043	67925	9.4
24045	51856	7.7
24047	28500	7.5
24510	274763	10.6
25001	121685	8
25003	71746	8.4
25005	287158	11.8
25007	12099	5
25009	375753	10.1
25011	38662	8.7
25013	221960	10.5
25015	86427	7.3
25017	818003	8.1
25019	9372	5
25021	357332	8.5
25023	260676	9.7
25025	361350	9.3
25027	402864	10.1
26001	4384	16.7
26003	4249	12
26005	54344	13.2
26007	15067	13.9
26009	11977	14.7
26011	7883	15.8
26013	4498	24.3
26015	28725	10.5
26017	53598	12.3
26019	8817	12
26021	76954	13.5
26023	21821	14
26025	66597	12.4
26027	25498	11.4
26029	14041	13.9
26031	11698	8.6
26033	17395	11.6
26035	12955	16.8
26037	35872	9.4
26039	6254	13.7
26041	19650	11.5
26043	14116	12
26045	56590	10.3
26047	20046	12.2
26049	189658	15.8
26051	10518	16.5
26053	7372	13.3
26055	48825	12
26057	19018	13.7
26059	20911	17.2
26061	17029	10.2
26063	15650	14.8
26065	147911	11.6
26067	29152	13.4
26069	11101	16.4
26071	5669	11.7
26073	38654	8.5
26075	73828	14.9
26077	128413	11.2
26079	8756	14.3
26081	308580	11.7
26083	999	11.9
26085	3759	17.5
26087	42633	18.1
26089	11063	9
26091	47644	16.1
26093	89095	13.6
26095	2716	13.2
26097	6829	6.1
26099	409201	18.1
26101	11622	12.6
26103	35310	10.1
26105	14925	12.9
26107	19491	13
26109	13053	12.5
26111	42316	10.2
26113	6060	15
26115	74346	14.2
26117	25934	17.6
26119	4037	18.9
26121	87762	16
26123	21935	13.8
26125	597767	15.6
26127	14221	15.2
26129	9760	12.7
26131	3197	13.8
26133	9172	15.3
26135	4004	19.1
26137	11826	14.7
26139	128606	12.8
26141	6095	16
26143	10136	14.6
26145	90445	12.9
26147	81112	19
26149	30613	13.9
26151	20324	17.8
26153	3845	12.7
26155	34166	15.2
26157	26908	16.3
26159	38536	13.2
26161	175570	9.3
26163	870622	18.3
26165	14078	18.3
27001	7823	8.1
27003	191660	7.9
27005	16725	6.4
27007	21478	7.2
27009	22807	7
27011	2801	4.5
27013	37095	6.3
27015	15157	5.5
27017	17256	7.3
27019	49997	7
27021	15084	7.9
27023	7201	6.1
27025	27428	8.4
27027	32917	3.6
27029	4475	9.1
27031	3364	4.7
27033	6216	5.2
27035	34982	7.4
27037	230969	6.9
27039	11248	6.1
27041	21188	5.6
27043	8090	7.6
27045	10967	7
27047	17032	7.6
27049	25856	6.7
27051	3052	6.8
27053	661513	7.3
27055	11206	7.1
27057	9969	7.3
27059	21681	8.3
27061	22615	9.2
27063	6817	4.7
27065	7792	10.3
27067	24439	5.5
27069	2561	5.2
27071	6679	7.3
27073	4174	5.4
27075	6512	7.5
27077	2238	6.9
27079	14527	8.6
27081	3374	4.5
27083	14913	4.9
27085	22838	8
27087	2419	6
27089	5289	6.2
27091	11972	6.9
27093	13157	7.8
27095	12473	10.5
27097	18097	9
27099	21094	5.5
27101	5650	3.9
27103	19623	6.1
27105	11229	4.5
27107	3597	5.1
27109	81537	5.5
27111	30263	6.3
27113	9085	5.6
27115	14609	9.1
27117	5986	5.3
27119	16936	4.4
27121	6126	6.4
27123	273259	7.4
27125	2392	6.7
27127	8039	6.1
27129	9258	6.4
27131	33976	7.5
27133	5002	5.1
27135	9791	5
27137	104807	8.2
27139	73408	6.8
27141	49112	8.1
27143	9089	6.5
27145	82932	6.8
27147	21907	7.7
27149	5605	4.3
27151	5256	6.6
27153	12187	7.5
27155	1608	6.2
27157	12575	7.1
27159	6853	8.8
27161	11079	7
27163	128439	6.8
27165	5398	7.5
27167	3417	4.7
27169	30729	7
27171	66627	8.2
27173	6161	5.1
28001	13605	8
28003	15192	11.3
28005	5214	8.6
28007	7272	11.8
28009	2876	12.6
28011	14719	9
28013	5698	9.7
28015	4868	9.8
28017	6974	13.2
28019	3345	11.3
28021	3527	15
28023	7192	10
28025	7560	17.8
28027	9752	11.1
28029	11772	9.9
28031	8653	7.7
28033	73506	7.2
28035	34755	7.7
28037	3141	9
28039	8974	10
28041	4805	9.9
28043	8938	11
28045	17542	7.5
28047	82484	7.2
28049	113726	7.9
28051	7442	16.6
28053	4357	10.2
28055	673	9.2
28057	10109	9.6
28059	58490	8
28061	7180	10.2
28063	2619	15.5
28065	5068	10.6
28067	29197	7.1
28069	4162	10.3
28071	22477	6.9
28073	22303	6.6
28075	33643	8.7
28077	5330	10.2
28079	8026	8.7
28081	38415	9.8
28083	13524	11.6
28085	13913	8.8
28087	25354	10.2
28089	43430	6.3
28091	10579	10.1
28093	14846	11.2
28095	15759	13.7
28097	4632	12.7
28099	12618	8.4
28101	9189	7.9
28103	3836	17.6
28105	20655	8
28107	14835	11.9
28109	20985	8.3
28111	4864	10.4
28113	15747	9.8
28115	13253	8.7
28117	11293	11.5
28119	3600	11.1
28121	69894	5.6
28123	13735	5.9
28125	2408	9
28127	11203	8.2
28129	6323	8.2
28131	7328	7.2
28133	9950	11.8
28135	5946	9.9
28137	11469	10.3
28139	9009	12.5
28141	8091	10.1
28143	4298	13
28145	12446	8.8
28147	6203	10.3
28149	22435	9.1
28151	23228	11.3
28153	8366	9.4
28155	3666	13.5
28157	3776	10.1
28159	8506	15.1
28161	5510	12.9
28163	9703	10.5
29001	13034	6.5
29003	10210	7.6
29005	3044	7.9
29007	12079	9.2
29009	17426	8.1
29011	4884	11.7
29013	7910	10.8
29015	7988	9.3
29017	5958	8.8
29019	85931	6.2
29021	48613	8.7
29023	20654	8
29025	4289	8.6
29027	22356	8
29029	22793	7.9
29031	40115	6.9
29033	4809	9.8
29035	3058	8.7
29037	50099	9.7
29039	6151	8.6
29041	3810	10.5
29043	39469	8
29045	3535	11.3
29047	115484	8.6
29049	10243	8.7
29051	39123	6.7
29053	9150	8.4
29055	11885	10.7
29057	3453	10.1
29059	7444	9.4
29061	3813	8.7
29063	5293	9.3
29065	6282	9.4
29067	5813	9.8
29069	13772	11.1
29071	52448	11.5
29073	7706	10.8
29075	3349	6.8
29077	140881	8.3
29079	5345	6.9
29081	4442	7.8
29083	10537	9.6
29085	3302	12.3
29087	2680	7.1
29089	5121	8.3
29091	19049	9.2
29093	5470	8.7
29095	337484	10.9
29097	56708	8.4
29099	115110	10.6
29101	26284	8
29103	2223	5.9
29105	16954	11
29107	16266	9
29109	19171	7.8
29111	5427	8.3
29113	26244	11.3
29115	6274	10.3
29117	6960	7.8
29119	11283	7
29121	7656	7.9
29123	6126	9.8
29125	4662	8.7
29127	14496	8.9
29129	1744	7.9
29131	13014	10.6
29133	5713	9.7
29135	7331	7.8
29137	4234	11
29139	5863	10.3
29141	9125	11.3
29143	8667	8.9
29145	27712	7.9
29147	12607	5.9
29149	4425	9
29151	7375	9.9
29153	4398	7.6
29155	8057	12.1
29157	10373	7.2
29159	21028	8.1
29161	21501	7.1
29163	9089	8.3
29165	48192	8
29167	14257	8.9
29169	20242	6.8
29171	2338	7.4
29173	5592	8
29175	12966	9.4
29177	11242	8.3
29179	2558	12.7
29181	6274	9.5
29183	189246	8.7
29185	4165	10.3
29186	10104	9.3
29187	29937	10.9
29189	517445	9.6
29195	11454	7.9
29197	2100	7.8
29199	2535	12.2
29201	19235	9.2
29203	3557	9.6
29205	3183	8.1
29207	14342	9
29209	16678	9
29211	3367	6.4
29213	27656	8.6
29215	10822	8.8
29217	9111	7.9
29219	16093	11.2
29221	9947	13.7
29223	5466	9.5
29225	16918	9
29227	1097	8.4
29229	7974	9.6
29510	154075	11.1
30001	4929	4.4
30003	4889	10.2
30005	2819	5
30007	2458	6.2
30009	5198	4.8
30011	666	3.9
30013	38028	5.2
30015	2354	4.2
30017	5628	4.6
30019	763	4.2
30021	4291	4.8
30023	3777	6.5
30025	1771	3.7
30027	5623	4.7
30029	48179	8.8
30031	52152	5.5
30033	565	3.4
30035	5992	7.2
30037	529	4.7
30039	1274	8.2
30041	7971	5.1
30043	6147	5.8
30045	1004	4.6
30047	11372	8.3
30049	34440	4.3
30051	666	4.7
30053	7980	11.1
30055	898	3.2
30057	4504	4.8
30059	808	7.8
30061	1871	8.6
30063	56093	5.6
30065	2032	7.5
30067	9237	6.1
30069	224	4.5
30071	2116	4.8
30073	2393	6
30075	858	4
30077	2697	7.3
30079	515	3.1
30081	18556	7.5
30083	5426	4.6
30085	3757	7.5
30087	3898	7.3
30089	4845	11.2
30091	1734	4.3
30093	17544	5.5
30095	4327	5.2
30097	2814	3.1
30099	2996	4
30101	2521	4.1
30103	372	5.1
30105	3426	4.6
30107	969	4.3
30109	537	4.1
30111	79216	4.7
31001	17584	5.6
31003	3616	3.6
31005	248	4.4
31007	400	3.5
31009	232	5.2
31011	3124	3.9
31013	5763	7.1
31015	1094	3.6
31017	1820	3.1
31019	27375	3.5
31021	3880	5.7
31023	4678	3.9
31025	13895	4.6
31027	4653	3.2
31029	1998	3
31031	3311	2.5
31033	5156	4.1
31035	3101	4.3
31037	5391	4
31039	4819	3.5
31041	6005	3.1
31043	11051	5.5
31045	4620	4.4
31047	11950	4.8
31049	1030	3.8
31051	3315	3.7
31053	19494	4.9
31055	271367	5
31057	1040	4
31059	3144	4.4
31061	1771	3.7
31063	1641	3
31065	2440	4.1
31067	12091	5.9
31069	952	4.4
31071	1026	2.5
31073	998	3.8
31075	381	3.1
31077	1270	3.3
31079	30795	4.4
31081	5676	3.4
31083	1781	3.6
31085	502	4.2
31087	1478	6.6
31089	5933	3.2
31091	377	4
31093	3667	3.8
31095	4234	4.6
31097	2880	3.9
31099	3730	3.8
31101	4511	3.9
31103	390	4.4
31105	1864	4.3
31107	4566	3.6
31109	158339	4.2
31111	21687	4
31113	470	4.3
31115	348	3.2
31117	301	4
31119	18207	4.2
31121	4129	4
31123	2773	4.1
31125	1996	3.6
31127	3149	5.4
31129	2262	4.7
31131	8737	5
31133	1576	4.1
31135	1655	3.1
31137	5033	3.8
31139	3809	3.6
31141	17292	4.4
31143	2920	4.2
31145	5932	4.2
31147	4090	5.7
31149	829	3.1
31151	8091	4
31153	77295	4.7
31155	10989	4.5
31157	19408	4.8
31159	8905	3.7
31161	3104	3.5
31163	1893	3
31165	689	3.8
31167	3424	3.6
31169	2710	4.3
31171	373	3.8
31173	3143	13.8
31175	2510	2.9
31177	11287	4.1
31179	4759	3.8
31181	1783	4.2
31183	434	3.2
31185	6982	5.7
32001	14018	9.9
32003	1011257	13.9
32005	24215	12.6
32007	29065	6.8
32009	445	8.3
32011	905	9.3
32013	8306	8.6
32015	3784	7.2
32017	1961	9.4
32019	25651	16.3
32021	2382	10.5
32023	18880	16.1
32027	2688	10.6
32029	2470	14.8
32031	226155	13.1
32033	5089	8.4
32510	29987	12.8
33001	32774	7
33003	25720	5.4
33005	40950	6.5
33007	16126	7.8
33009	47984	5.6
33011	227184	7.5
33013	80663	6.3
33015	171495	7.5
33017	68884	6.6
33019	22344	6.5
34001	138020	12.2
34003	475125	8.4
34005	236906	9.1
34007	264427	10.9
34009	61178	8.5
34011	71393	12.6
34013	370905	11.1
34015	154203	10
34017	298009	11.6
34019	72434	6.9
34021	198960	8.1
34023	426063	9.2
34025	334318	8.7
34027	274592	7.6
34029	259423	9.6
34031	242174	11.7
34033	30972	10.1
34035	180514	7.9
34037	85025	8.5
34039	272351	9.8
34041	58792	8.8
35001	313431	7.5
35003	1718	8.1
35005	28556	6.8
35006	12618	6.3
35007	6602	8
35009	21481	4.4
35011	887	4.3
35013	89298	6.9
35015	29449	6
35017	12624	12.3
35019	1738	7.5
35021	443	4.5
35023	3059	7.6
35025	31054	8.3
35027	11399	5.1
35028	9569	2.9
35029	14182	13.4
35031	26763	8.6
35033	2175	13.1
35035	25973	6.8
35037	4198	5.9
35039	20905	7.2
35041	9721	4.4
35043	54655	9
35045	58226	8.3
35047	13583	7.8
35049	77421	6.5
35051	6359	4.8
35053	9735	5
35055	17787	8.7
35057	7132	8.8
35059	2261	5.5
35061	31153	8.5
36001	157295	7.1
36003	23983	7.9
36005	539740	13.3
36007	97601	8.5
36009	41318	8.5
36011	41720	8
36013	67678	7.8
36015	41190	8.9
36017	24359	8.7
36019	40523	9
36021	31232	7.7
36023	23878	8.5
36025	22006	8.4
36027	146435	8.2
36029	469837	8.3
36031	18239	7.8
36033	22757	7.8
36035	28235	9.1
36037	33625	7.2
36039	23556	8.4
36041	2858	5.6
36043	30686	7.6
36045	48872	7.8
36047	1131829	11
36049	11967	7.6
36051	32268	7.5
36053	36097	7.4
36055	378331	8.3
36057	24818	8.8
36059	691471	7.2
36061	947541	9.2
36063	112269	8.8
36065	109238	7.3
36067	236184	7.9
36069	56207	6.7
36071	179520	8.2
36073	19445	8.2
36075	60330	9.3
36077	31207	6.8
36079	55920	7
36081	1135634	9.1
36083	82616	7.7
36085	246216	8.9
36087	154567	7.4
36089	50000	8.9
36091	117759	6.4
36093	75209	7.8
36095	15367	7.6
36097	10389	7.4
36099	16972	7.3
36101	45838	9.5
36103	785447	7.5
36105	35340	8.6
36107	26135	7.9
36109	56594	5.6
36111	90661	8.1
36113	35283	7.2
36115	31644	7.4
36117	47825	7.8
36119	492511	7.4
36121	21320	7.8
36123	13048	6
37001	70747	11.8
37003	17831	13.6
37005	4595	10.9
37007	10505	14.8
37009	12836	10
37011	9183	7.9
37013	21142	11.2
37015	8942	10.5
37017	15260	12
37019	48662	10.5
37021	119030	8.2
37023	39152	14.1
37025	83520	11.4
37027	37577	15.2
37029	4543	7.1
37031	33512	7.6
37033	10902	12.4
37035	74554	13.6
37037	33243	8
37039	10231	14.2
37041	6463	11.9
37043	4690	10.8
37045	49655	14.3
37047	24359	12.5
37049	43040	10
37051	131923	9.1
37053	12465	5
37055	21930	6.8
37057	77969	12.5
37059	21173	12.1
37061	24531	8.7
37063	139654	8
37065	24882	16.3
37067	174187	9.5
37069	27656	9.7
37071	99545	13.3
37073	4806	7.1
37075	4213	13.4
37077	25848	10.2
37079	9262	10.2
37081	243789	11
37083	23951	13.1
37085	48067	10.9
37087	27098	8.5
37089	48154	8.6
37091	9887	9.4
37093	19367	8.3
37095	2706	5.9
37097	80839	12.1
37099	21462	7.8
37101	77236	9.5
37103	4841	10.9
37105	26404	13.5
37107	27453	11.4
37109	39725	13.2
37111	20944	14.1
37113	16824	9.2
37115	9808	9.3
37117	12168	10.6
37119	458873	11
37121	7130	11
37123	11121	13.3
37125	36951	9.5
37127	46270	11.9
37129	105317	9.1
37131	8731	10.7
37133	60843	8.3
37135	68621	6.3
37137	5584	10.1
37139	18191	9.1
37141	24154	10.8
37143	5367	10.3
37145	19294	10.8
37147	79840	10
37149	9609	8.2
37151	73170	11
37153	20346	13.2
37155	56822	11.5
37157	43581	11.7
37159	71709	12.8
37161	31022	14.3
37163	32452	8.3
37165	14087	16.5
37167	30685	11.9
37169	24069	10.1
37171	34310	11.8
37173	7054	9.1
37175	13621	8.5
37177	2343	8.8
37179	91724	10
37181	19867	13
37183	451224	8.3
37185	7931	12.7
37187	6347	11.7
37189	23813	6.9
37191	52193	8.8
37193	30205	12.9
37195	40691	11.9
37197	19134	9.3
37199	7856	10.9
38001	1229	2.7
38003	6806	3.4
38005	2516	5.3
38007	522	1.3
38009	3638	2.9
38011	1672	2.7
38013	1088	2.2
38015	45734	2.8
38017	86393	3.7
38019	1988	2.5
38021	2709	4.1
38023	830	3.4
38025	1768	3.6
38027	1084	3.8
38029	1592	5.1
38031	1835	2.8
38033	787	2.5
38035	37413	3.5
38037	1112	3.2
38039	1199	3.6
38041	1086	2.7
38043	1229	3.4
38045	2073	4.3
38047	848	2.7
38049	2799	2.9
38051	1311	3.1
38053	3330	2.2
38055	4558	3.4
38057	4649	3.3
38059	14455	3
38061	2979	4.4
38063	1885	2.9
38065	1058	3.1
38067	3790	5.1
38069	1868	4
38071	5541	3.2
38073	3065	6
38075	1358	3.3
38077	8178	4.3
38079	4591	9.7
38081	2244	6.5
38083	648	3.7
38085	1308	4.3
38087	734	1.2
38089	14572	2.8
38091	1305	2.1
38093	11101	3.2
38095	1024	2.6
38097	3953	3.5
38099	5407	4.5
38101	30717	2.8
38103	1965	3.8
38105	16424	2
39001	12897	13.8
39003	50398	10.2
39005	27255	11.4
39007	48948	12.6
39009	27258	8.6
39011	26448	10.1
39013	33319	9.2
39015	21629	11.9
39017	186030	9.1
39019	14076	13.2
39021	20892	11.4
39023	70195	9.9
39025	103843	9.4
39027	22899	13.9
39029	53829	12.5
39031	17499	12.3
39033	22374	13.2
39035	630112	8.5
39037	28297	9.9
39039	21201	11.7
39041	89128	6.7
39043	44843	9.5
39045	74855	8.2
39047	16816	11.7
39049	618522	8.2
39051	22631	12.1
39053	14256	9.5
39055	49336	6.5
39057	77047	9.4
39059	19510	10.8
39061	426368	8.9
39063	41362	9.1
39065	15328	11.2
39067	7387	10.6
39069	15811	10.9
39071	21393	15.3
39073	14131	10.4
39075	19159	6.3
39077	29688	12.8
39079	15104	10.5
39081	32826	12.7
39083	30939	8.7
39085	129307	7.9
39087	29259	8.4
39089	83266	8.9
39091	26256	11.2
39093	154730	9.1
39095	215005	11.3
39097	19942	8.5
39099	112705	11.8
39101	32776	10.2
39103	92391	7.5
39105	9041	15.2
39107	25337	7.8
39109	54314	11
39111	5635	11.5
39113	264405	11
39115	5592	14.6
39117	18050	10
39119	39268	11.9
39121	5947	14
39123	20618	10.7
39125	11169	11.5
39127	16583	12.8
39129	24618	10.3
39131	11011	14.7
39133	90144	9.2
39135	21256	11.1
39137	18646	9
39139	60979	11.8
39141	34511	11.5
39143	34200	10.8
39145	33101	12.1
39147	31333	12
39149	28912	11.9
39151	190097	11
39153	291754	9.6
39155	104364	13.5
39157	48933	10.2
39159	25368	8
39161	16090	13.2
39163	5561	11.3
39165	105398	8.5
39167	33615	9.4
39169	59974	8.9
39171	20707	14.1
39173	66565	10
39175	12271	11.2
40001	11179	7.6
40003	2433	5.5
40005	6190	8.4
40007	3337	3.3
40009	13662	5.9
40011	4849	5.7
40013	20021	5.2
40015	12780	6.1
40017	52284	5.5
40019	27186	5.7
40021	22744	5.6
40023	7043	7.6
40025	1188	3.5
40027	120472	5.2
40029	2607	8.8
40031	46296	5.1
40033	3437	4
40035	7470	5.5
40037	32483	8.1
40039	14787	4.9
40041	19771	6
40043	2634	4.6
40045	2576	4.5
40047	31361	4.5
40049	15369	5.9
40051	23663	7.4
40053	2615	4.2
40055	2028	7.9
40057	1262	6.9
40059	2068	4.3
40061	6157	8.4
40063	5518	10.7
40065	11992	4.8
40067	2466	8.6
40069	5036	7
40071	24639	8.1
40073	8345	4.3
40075	3917	6.2
40077	4998	10.4
40079	21968	8.7
40081	14369	6.7
40083	17422	5.6
40085	5416	5.4
40087	15116	5.6
40089	14137	11.6
40091	8673	8.2
40093	4320	4.5
40095	6314	7.5
40097	18885	8.1
40099	8725	4.7
40101	29994	8.1
40103	5686	7.7
40105	5207	9.3
40107	4661	8.9
40109	331325	6.1
40111	16712	8.5
40113	21018	7.4
40115	18585	6.2
40117	7732	8.2
40119	32544	6.3
40121	24342	6.5
40123	20592	5.1
40125	33432	6.5
40127	5153	8.9
40129	1960	4.5
40131	41645	7.2
40133	11406	9.2
40135	18538	8.7
40137	23041	8.4
40139	9613	3.8
40141	3378	5.6
40143	303031	6.8
40145	33788	6.6
40147	27625	5.9
40149	6258	6.3
40151	4201	4.2
40153	12620	6.5
41001	7534	8.5
41003	41167	7.5
41005	200402	10.4
41007	20396	8.2
41009	24529	12.6
41011	28600	11.7
41013	9648	16.1
41015	9937	11.2
41017	83875	13.5
41019	47086	14
41021	1221	5.6
41023	3504	9.9
41025	3499	15
41027	14701	6.6
41029	103829	11.5
41031	9432	12.9
41033	35296	13.3
41035	31488	12
41037	3747	10.1
41039	183215	11.5
41041	22774	9.4
41043	54840	13.6
41045	13547	9.3
41047	156227	10.3
41049	5668	7.4
41051	387665	10.9
41053	39358	9.3
41055	1005	7.6
41057	12767	8.2
41059	39032	7.8
41061	12192	10.2
41063	3797	8.7
41065	13005	8
41067	288062	9.6
41069	652	6.7
41071	47614	11
42001	54935	7.4
42003	632703	7.2
42005	32765	8
42007	89630	8.4
42009	24681	10.9
42011	203214	9.1
42013	63685	7.4
42015	30361	7.6
42017	345304	7.3
42019	96869	7.1
42021	67637	8.8
42023	2555	16.7
42025	31132	10
42027	75275	5.6
42029	264757	6.3
42031	21380	8.3
42033	41115	9.8
42035	19596	8.2
42037	36708	8.2
42039	44421	10.1
42041	121807	6.8
42043	135157	8.1
42045	282729	7.9
42047	17606	12.9
42049	139620	9.2
42051	65864	9.1
42053	2527	10.2
42055	81425	8.6
42057	7808	14.3
42059	18617	7.8
42061	22275	10.2
42063	48218	7.8
42065	23540	9.5
42067	12001	7.6
42069	105908	8.3
42071	267150	7.5
42073	44401	8.9
42075	71811	7
42077	176592	9.3
42079	158791	9.2
42081	59442	9.3
42083	22135	10
42085	53887	11.3
42087	22344	10.4
42089	85049	9
42091	427980	7
42093	9492	5.9
42095	151666	8.8
42097	48603	9.4
42099	24421	8.1
42101	627411	11
42103	27525	8.6
42105	7735	10.3
42107	75249	10.1
42109	19922	8.6
42111	38913	8.5
42113	2998	7.9
42115	21476	7.8
42117	20496	7.8
42119	17460	8.8
42121	26770	8.7
42123	22046	7.3
42125	104226	7.9
42127	25225	6.6
42129	185942	7.8
42131	13982	6.9
42133	226145	8.4
44001	27246	11.1
44003	96758	11.9
44005	44168	10
44007	328515	13.5
44009	72437	9.2
45001	11332	14.8
45003	74526	9.4
45005	3257	22.5
45007	85764	12.5
45009	6157	18.1
45011	9040	19
45013	61745	8.7
45015	80018	10.7
45017	7370	14.4
45019	176433	9
45021	25361	16.2
45023	15584	21.1
45025	18716	16.8
45027	12311	16.1
45029	16468	14.2
45031	32246	13
45033	12852	17.2
45035	64067	10.3
45037	11014	10.7
45039	11399	12.9
45041	64926	11.7
45043	29864	12.5
45045	228867	10.2
45047	29613	13.7
45049	7573	16.1
45051	131278	10.9
45053	9927	10.7
45055	30546	10.4
45057	29115	17.9
45059	34231	11.7
45061	8191	15.7
45063	134250	8.3
45065	3317	15.7
45067	13046	21
45069	11639	20.2
45071	17968	11.7
45073	30423	14.2
45075	40819	18.7
45077	60222	10.6
45079	183427	9.5
45081	9292	9.4
45083	139285	12.2
45085	43176	13.9
45087	12203	20.6
45089	15206	15.4
45091	108348	14.1
46003	1472	4
46005	10061	3
46007	1424	6
46009	3083	4.9
46011	19132	3.2
46013	21138	3.1
46015	2735	2.7
46017	494	17.2
46019	5612	3.9
46021	823	4.5
46023	4003	4.8
46025	1782	4.7
46027	7494	3.7
46029	16401	5.8
46031	1342	5.6
46033	5285	3
46035	11402	4.3
46037	2899	5.3
46039	2799	4.8
46041	2493	10.4
46043	1681	3.1
46045	2039	2.7
46047	3726	4.9
46049	1090	3.1
46051	4203	3.5
46053	2350	3.1
46055	1121	3.6
46057	2908	5.1
46059	1873	2.8
46061	1959	3
46063	792	2.3
46065	10333	2.7
46067	3646	3.9
46069	745	3.6
46071	1297	6.2
46073	1422	2.6
46075	700	2.4
46077	2900	5.1
46079	6806	5.8
46081	13391	3.8
46083	21494	3.9
46085	2010	5.7
46087	2830	4.5
46089	1111	5
46091	2096	4.7
46093	12643	4
46095	910	6.8
46097	1252	5.7
46099	101351	4.7
46101	3996	6.1
46103	55422	4.4
46105	1577	3.9
46107	1240	3.2
46109	4877	4.8
46111	1358	3.8
46113	3827	12.6
46115	3284	3.4
46117	1934	2.1
46119	1012	2.4
46121	3383	8.4
46123	2865	2.9
46125	4354	4.4
46127	8297	5.3
46129	2593	4
46135	12177	5.3
46137	867	7.8
47001	35333	9.7
47003	22459	12.1
47005	7113	12.8
47007	4865	13.7
47009	61833	9.3
47011	46368	9.3
47013	16881	13.1
47015	6374	10.8
47017	14089	16.4
47019	29629	9.8
47021	20224	9.4
47023	7803	11.5
47025	12785	11.1
47027	3267	12.6
47029	16836	12.2
47031	25225	10.2
47033	6318	13.4
47035	21598	10.8
47037	319417	9.2
47039	5796	14.2
47041	9744	10.2
47043	23039	9.8
47045	17513	14
47047	17720	10.8
47049	7572	13
47051	19637	10.4
47053	21458	15.7
47055	13355	14
47057	10268	13.5
47059	30578	14.3
47061	6018	13
47063	30350	12.5
47065	164695	8.7
47067	2463	18.3
47069	11460	12.7
47071	12105	11.1
47073	26515	10.3
47075	8955	18
47077	12792	18.1
47079	13404	13.1
47081	10123	12.4
47083	3891	11.6
47085	9134	11.9
47087	4798	12.7
47089	24172	11.8
47091	7427	12.2
47093	224163	8.1
47095	2674	10.7
47097	10154	18.9
47099	16754	14.6
47101	5311	14.9
47103	16898	6.9
47105	22981	9.5
47107	23662	13
47109	11297	12.7
47111	10376	11.2
47113	48223	11
47115	13067	12.1
47117	12479	16.3
47119	36505	11.9
47121	5209	13.6
47123	18882	16.1
47125	65999	9
47127	3095	9.7
47129	8507	11.6
47131	14746	10.4
47133	9679	12
47135	2936	17.6
47137	1748	13.4
47139	6981	11.4
47141	33977	9.7
47143	13124	12.7
47145	27212	8.9
47147	32652	10.1
47149	128823	9.5
47151	8326	18.4
47153	6266	12.8
47155	48185	9.2
47157	441157	10.2
47159	9208	12.8
47161	5702	11.1
47163	73605	8.8
47165	78292	9.7
47167	28382	11.6
47169	3664	12
47171	8418	10.3
47173	8767	10.7
47175	2395	14.2
47177	17536	12.5
47179	61139	8.6
47181	6595	12.9
47183	15721	13
47185	10147	13.5
47187	85150	7.5
47189	56188	9
48001	21846	9.4
48003	7307	7.6
48005	41456	8.9
48007	11438	7.3
48009	5136	6.5
48011	1089	5.1
48013	19952	7.9
48015	13438	8.4
48017	3447	5.2
48019	10121	6.8
48021	35906	8
48023	2200	5.1
48025	11937	10.3
48027	126156	7.1
48029	775599	7.2
48031	4979	5.8
48033	388	6.2
48035	8885	8.6
48037	44843	7.8
48039	144497	8.9
48041	92598	6.2
48043	5292	5.1
48045	745	5.9
48047	3606	9.9
48049	19593	7.2
48051	8210	7.4
48053	22930	6.3
48055	16563	8.2
48057	9655	9.5
48059	7292	6.3
48061	150766	10.8
48063	6067	9.6
48065	3483	6.7
48067	13911	12.5
48069	3698	5.3
48071	14723	10.7
48073	21158	9.7
48075	3141	6.4
48077	6303	7.4
48079	1635	7.2
48081	1417	8.6
48083	4723	6.9
48085	412914	7.8
48087	1486	5.9
48089	11495	6.6
48091	55281	6.6
48093	7049	6.1
48095	1315	8.2
48097	24402	6.5
48099	24811	8.7
48101	875	5.6
48103	1877	9.5
48105	2524	9.7
48107	2746	7
48109	1726	4.5
48111	3739	4.4
48113	1188945	8.7
48115	5482	8.7
48117	9174	5.8
48119	2392	8.4
48121	351425	7.7
48123	9483	8.3
48125	1225	6
48127	4349	11
48129	1986	7
48131	5815	12.5
48133	8792	8.4
48135	75848	9.2
48137	1112	6.7
48139	72380	8.6
48141	310013	9.8
48143	19173	7.1
48145	6950	9.5
48147	14240	9
48149	12818	5.7
48151	2096	6.4
48153	3476	6.9
48155	793	5.7
48157	264364	8.3
48159	5819	7.3
48161	11038	6.7
48163	7219	8.4
48165	7268	6.8
48167	143742	8.5
48169	2532	5.7
48171	13437	4.9
48173	632	5.2
48175	3553	7.9
48177	9771	6.1
48179	12469	8.9
48181	57481	8.7
48183	65782	8
48185	11688	10
48187	58512	6.7
48189	17627	6.4
48191	1492	8.9
48193	4609	6
48195	2834	5.5
48197	2554	7.2
48199	26353	10.1
48201	1982505	8.5
48203	35026	8.7
48205	2628	4.3
48207	3315	5.2
48209	78114	6.8
48211	3347	3
48213	36673	8.5
48215	299063	11.6
48217	16946	8.5
48219	12612	7
48221	27851	7.6
48223	18268	6.5
48225	8392	10.3
48227	15054	7.5
48229	1622	6.5
48231	39218	8.5
48233	12145	8
48235	934	5.4
48237	5972	6.4
48239	7252	7.6
48241	16253	11.9
48243	1267	5.6
48245	114740	10.8
48247	2917	10
48249	23474	10
48251	76453	9.1
48253	8085	8.2
48255	5447	10.5
48257	47257	8.8
48259	16158	6
48261	246	6.1
48263	433	6.2
48265	23910	6
48267	2220	5.4
48269	205	5.4
48271	1429	8.9
48273	16717	7.7
48275	1854	6.4
48277	25458	7.8
48279	7309	6.6
48281	10735	6.1
48283	3068	9.9
48285	10108	6.4
48287	9487	6.9
48289	8227	7.9
48291	32613	11.2
48293	11276	7.2
48295	2038	6.1
48297	5291	7.6
48299	8821	7.3
48301	52	11.5
48303	141287	5.7
48305	2893	6.8
48307	4294	9.1
48309	113879	7.1
48311	357	7.8
48313	5145	8.7
48315	5451	11.8
48317	2390	5
48319	2497	5.4
48321	17822	11.2
48323	22442	13.6
48325	20480	7.1
48327	1072	9
48329	78287	6.2
48331	12601	10.2
48333	2327	6
48335	3540	8.7
48337	11498	7.8
48339	211295	7.9
48341	11663	5.3
48343	6875	15.6
48345	825	5.3
48347	31980	7
48349	21890	8.4
48351	6301	12.4
48353	8099	6.4
48355	164281	7.7
48357	6177	6.3
48359	967	5.5
48361	41829	11.1
48363	14820	9.1
48365	14790	7.5
48367	55138	8.4
48369	4527	4.8
48371	7034	11.7
48373	17751	10.3
48375	58456	6.6
48377	3739	17.8
48379	5238	8.5
48381	68605	5.1
48383	2915	5.8
48385	1637	6.1
48387	6227	10.5
48389	4577	14
48391	4353	7
48393	615	6.2
48395	7346	8.7
48397	38476	7.8
48399	4756	10.1
48401	24903	9.1
48403	3697	15.9
48405	3624	10.8
48407	10488	10
48409	30796	9.8
48411	2494	7.8
48413	1507	11.1
48415	8275	7.2
48417	2247	4.3
48419	13000	8.1
48421	1474	4.9
48423	102032	8.3
48425	4525	7.3
48427	23970	17.8
48429	5130	6.9
48431	856	4.6
48433	859	4.8
48435	4200	7.8
48437	3648	6.7
48439	915574	8.2
48441	68703	6.1
48443	385	7.8
48445	5853	7.7
48447	984	5.6
48449	14907	7.7
48451	52800	7
48453	565665	7
48455	6176	8.8
48457	8759	10.5
48459	20174	8.1
48461	1940	5.6
48463	11553	8.9
48465	21410	9.6
48467	27499	7.4
48469	46056	7.9
48471	27354	7.8
48473	16795	9
48475	5784	8.5
48477	16892	6.9
48479	97359	9.1
48481	21502	7.9
48483	3941	5.6
48485	62637	8.1
48487	7943	5.5
48489	8283	13.9
48491	208070	7.8
48493	19134	6.9
48495	3791	9
48497	29279	9.6
48499	18962	8.4
48501	4503	7.1
48503	10552	6.4
48505	5629	12.6
48507	3815	16.3
49001	3717	4.2
49003	24989	5.6
49005	61935	4.2
49007	10683	6.5
49009	548	2.7
49011	143062	5.6
49013	11392	6.9
49015	5274	6.2
49017	3406	4.9
49019	5731	5.2
49021	22015	6.3
49023	4109	6.8
49025	3851	4.4
49027	6971	4
49029	3932	5.3
49031	1048	3.8
49033	1806	2.8
49035	549364	6
49037	5498	8.6
49039	12013	5.6
49041	10319	5.7
49043	21675	5.8
49045	26863	6.4
49047	20666	6.6
49049	221421	5.4
49051	10741	6
49053	60639	7.8
49055	1618	4.2
49057	112596	7
50001	21203	5.8
50003	21006	6.8
50005	17412	7
50007	89747	5.7
50009	3318	7.8
50011	26253	6.2
50013	4234	7
50015	15823	6.6
50017	16869	5.5
50019	15118	8.3
50021	32619	8.7
50023	34821	6.1
50025	24539	6.3
50027	33755	5.8
51001	19375	6.1
51003	51585	5
51005	7001	8.7
51007	6574	7
51009	16315	7
51011	7294	6.7
51013	133753	4.2
51015	38088	5.8
51017	2680	5.4
51019	36804	6.2
51021	3566	7.5
51023	17545	6.2
51025	7262	11.4
51027	9333	8.8
51029	7332	7.8
51031	28534	6.6
51033	13963	8.2
51035	14475	11.3
51036	3839	8.7
51037	5607	9.1
51041	165761	6.8
51043	8261	6.1
51045	2577	7.2
51047	21430	7.5
51049	4577	7
51051	6308	8.3
51053	12944	8.3
51057	5727	7.7
51059	593487	4.7
51061	37709	5
51063	7263	7.1
51065	13979	5.8
51067	26860	7.8
51069	40208	7.3
51071	8652	8.5
51073	20888	5.5
51075	11146	6.7
51077	7388	10.4
51079	10573	5.8
51081	4521	9.1
51083	16543	11.5
51085	54725	6.6
51087	163170	7.2
51089	25801	13.4
51091	1146	5.9
51093	18980	6.3
51095	31571	4.6
51097	3328	7.5
51099	9897	7.5
51101	8425	6.4
51103	5657	7.3
51105	9822	7.1
51107	167609	4.7
51109	16353	8.1
51111	5554	9.1
51113	7436	6
51115	4464	4.8
51117	14041	10.5
51119	5135	6.4
51121	46579	6.3
51125	8010	6.2
51127	9421	6.9
51131	6185	6.6
51133	6163	6.5
51135	6482	7.9
51137	15864	7.6
51139	12057	9.8
51141	9334	9.9
51143	31440	10.3
51145	14218	6
51147	9920	8.4
51149	14697	7.3
51153	205229	5.3
51155	19098	10.8
51157	4204	5.6
51159	4264	7.2
51161	49221	5.9
51163	11585	5.6
51165	41797	5.3
51167	12415	9.6
51169	10075	9.9
51171	20376	7.6
51173	15547	10.2
51175	7850	7.7
51177	66032	5.1
51179	65848	5.1
51181	3828	7.3
51183	4515	9.5
51185	21371	7.9
51187	20063	6.6
51191	26985	8.2
51193	8997	7.1
51195	18946	6.7
51197	16805	9.7
51199	31349	5
51510	91407	4.8
51515	2768	8.9
51520	8139	9.9
51530	3574	8.7
51540	21457	6.2
51550	116688	6.4
51570	9295	8.2
51580	2684	9.1
51590	20255	13
51595	2623	11.8
51600	14252	5.4
51610	6928	7.3
51620	4108	10.7
51630	12995	9.1
51640	3217	10.3
51650	70459	7.7
51660	23066	6.4
51670	10631	10.4
51678	2494	9.2
51680	35463	7.7
51683	20498	6.8
51685	6722	5.4
51690	6236	20
51700	89753	7.3
51710	102820	8.4
51720	1676	5.5
51730	14670	13.8
51735	6414	5
51740	47847	8.4
51750	8279	8.5
51760	100661	10
51770	47298	8.6
51775	13437	6.3
51790	12024	7.3
51800	40608	6.6
51810	227014	5.9
51820	10518	8.2
51830	5493	13.5
51840	14049	7.9
53001	8575	6.5
53003	10984	8.1
53005	96471	5.8
53007	43193	6.5
53009	30891	8.5
53011	217939	12.7
53013	1591	8.4
53015	43427	12.8
53017	22353	6.6
53019	2985	11.3
53021	35977	6.2
53023	1036	5.3
53025	44855	7.3
53027	30889	11.7
53029	33574	8.1
53031	13440	7.4
53033	1125523	8.8
53035	122846	7.1
53037	21565	7.3
53039	11332	8.1
53041	31463	12
53043	4795	7.4
53045	24920	9.4
53047	23873	7.4
53049	9295	10.7
53051	5315	12.1
53053	401212	8.8
53055	9533	4.7
53057	60097	9.1
53059	4997	9.4
53061	387488	10.1
53063	236877	8.3
53065	19047	10.5
53067	130728	7.1
53069	1591	11.4
53071	31310	5.5
53073	106595	7.8
53075	21831	4.7
53077	131408	6.8
54001	6675	9.2
54003	44482	8.5
54005	9392	9.4
54007	5730	8
54009	10747	11.1
54011	43464	6.6
54013	2762	12.1
54015	3491	11.9
54017	2784	7.4
54019	18046	8.6
54021	2966	6.5
54023	5083	11.2
54025	15043	8.3
54027	9016	7.8
54029	14298	11.8
54031	6411	9.7
54033	30444	7.1
54035	11421	12.9
54037	24057	6.6
54039	89881	7.1
54041	7306	7.5
54043	8012	10.6
54045	13266	9.8
54047	7383	12.7
54049	25518	6.5
54051	14594	8.7
54053	10098	12.1
54055	24726	6.9
54057	13357	7.9
54059	8639	10.7
54061	47625	4.6
54063	5808	6.5
54065	6857	9.1
54067	10526	9.1
54069	20730	7.8
54071	3549	7.5
54073	3124	10.2
54075	3354	11.3
54077	15112	7
54079	26675	6.3
54081	31899	8
54083	12102	8.5
54085	4340	8.8
54087	5433	13
54089	4589	7.8
54091	6887	7.9
54093	2861	10.9
54095	3496	10.8
54097	10134	8.9
54099	17000	7.7
54101	3247	10.4
54103	6044	12.3
54105	2486	11.4
54107	40456	8.8
54109	8022	11.5
55001	10268	8.3
55003	9128	8.3
55005	25209	7.1
55007	7993	6.2
55009	138220	7.1
55011	8324	5.7
55013	7771	9.1
55015	25201	6.7
55017	32857	6.6
55019	17897	7.6
55021	31176	7.1
55023	9329	8.1
55025	292503	5.4
55027	47793	8.4
55029	18973	6.6
55031	22609	6.5
55033	25724	5.8
55035	56028	6
55037	2454	8.1
55039	56815	7.8
55041	4844	8.1
55043	28388	6.1
55045	20197	7.8
55047	10577	7.5
55049	14000	6.2
55051	2951	9.4
55053	9836	7.2
55055	42522	8
55057	13625	8.5
55059	85034	9.8
55061	11677	7.3
55063	63991	5.9
55065	9087	6
55067	10816	8.5
55069	15674	9.6
55071	47060	8.5
55073	74633	7.7
55075	22340	10.2
55077	8003	8.3
55078	1689	12.7
55079	455156	9.3
55081	25039	6.4
55083	20325	9.1
55085	19226	7.4
55087	96762	7.5
55089	46297	7.2
55091	4139	5.4
55093	23021	6.1
55095	23955	8.4
55097	42881	5.8
55099	8549	9.4
55101	98307	9.3
55103	10278	7.5
55105	83536	11.1
55107	7368	10.1
55109	45852	6.8
55111	35707	7
55113	9146	7.1
55115	22815	8.2
55117	65709	8.3
55119	10647	9.6
55121	16215	6.4
55123	14944	6.6
55125	11386	7.1
55127	57306	7.7
55129	7909	7.8
55131	71781	8.1
55133	206794	7.2
55135	28464	8.2
55137	13051	8.2
55139	94461	7
55141	41822	7.4
56001	19516	3.6
56003	4841	8.2
56005	27977	5.7
56007	7866	6.8
56009	7289	5.9
56011	3433	4.9
56013	18732	7.4
56015	5839	5.3
56017	2364	5.8
56019	4044	6.7
56021	41738	6.3
56023	8584	6.5
56025	40228	7.3
56027	1212	4.5
56029	14836	5.1
56031	3974	6.2
56033	16172	6.6
56035	7329	4.5
56037	23429	7.4
56039	14157	5.2
56041	11581	7.2
56043	4230	5.9
56045	3179	5.9
72001	4891	21.7
72003	15127	17.9
72005	20915	17.8
72007	9393	18.2
72009	7751	19.2
72011	10396	18.3
72013	32211	16.7
72015	5828	22.7
72017	7147	20.1
72019	7699	19.6
72021	79516	13.6
72023	19803	13.5
72025	52404	15.8
72027	12537	15.6
72029	14660	21.2
72031	74455	13.3
72033	7801	18.3
72035	15348	18.1
72037	5851	17.6
72039	5227	23.6
72041	15282	17.3
72043	11460	23.1
72045	4875	23.4
72047	10340	17.7
72049	822	11.6
72051	12521	15.2
72053	14971	17.8
72054	4288	21.5
72055	6560	19.9
72057	15241	22
72059	7255	22.6
72061	42597	10.6
72063	15332	16.3
72065	12461	16.5
72067	6524	16.4
72069	20576	20.8
72071	15312	19.1
72073	4553	21.9
72075	16961	18.6
72077	13002	19.1
72079	8737	18.6
72081	11252	17.5
72083	4072	18.1
72085	12688	19.2
72087	8729	20.4
72089	7101	20.2
72091	14446	19.2
72093	1882	19.9
72095	3660	25.9
72097	29390	17.9
72099	14631	18
72101	9205	21.6
72103	7576	23.2
72105	8550	18.9
72107	5472	22.8
72109	6253	23.6
72111	9210	20.2
72113	61617	15.9
72115	8406	16.8
72117	5349	17.9
72119	17544	17.1
72121	9206	18.9
72123	8855	25.2
72125	12592	17.8
72127	161595	11.9
72129	14227	18.5
72131	14791	18.2
72133	8432	25.7
72135	28696	12.9
72137	34159	13.4
72139	33291	11.1
72141	6896	25.8
72143	12060	16.3
72145	20122	17.6
72147	3053	27.7
72149	9141	19.8
72151	11066	24.1
72153	16275	16
